epoch,categorical_accuracy,loss,lr,val_1-shot_5-way_acc,val_loss
1,0.778,0.9533519837545685,0.001,0.8,0.616737681295656
2,0.8622666666666668,0.4550229909799085,0.001,0.87,0.43833875964832636
3,0.9007999999999998,0.320360649811288,0.001,0.896,0.3457465486303751
4,0.9274666666666661,0.25274506511145584,0.001,0.894,0.3231195524051118
5,0.9230666666666666,0.24372688643086973,0.001,0.91,0.33259988474469887
6,0.9389333333333331,0.19657207039475327,0.001,0.89,0.2970636524840366
7,0.9374666666666661,0.18138220079964518,0.001,0.898,0.3222561237411739
8,0.9471999999999996,0.1596292485957262,0.001,0.926,0.2700234619845729
